{"cameraMode":{"drawMode":0,"name":"Shaded","section":"Shading Mode"},"sceneLighting":true,"audioPlay":false,"sceneViewState":{"showFog":true,"showMaterialUpdate":false,"showSkybox":true,"showFlares":true,"showImageEffects":true,"showParticleSystems":true},"in2DMode":false,"pivot":{"x":559.0634155273438,"y":288.64434814453127,"z":53.375244140625},"rotation":{"x":0.22836624085903169,"y":6.833700467723247e-7,"z":0.0000017911997929331847,"w":0.9735809564590454},"size":193.85238647460938,"orthographic":false}