{"cameraMode":{"drawMode":0,"name":"Shaded","section":"Shading Mode"},"sceneLighting":true,"audioPlay":false,"sceneViewState":{"showFog":true,"showMaterialUpdate":false,"showSkybox":true,"showFlares":true,"showImageEffects":true,"showParticleSystems":true},"in2DMode":false,"pivot":{"x":787.1729125976563,"y":32.98419189453125,"z":787.149169921875},"rotation":{"x":0.11052527278661728,"y":0.7592664957046509,"z":-0.13328292965888978,"w":0.6275321841239929},"size":6.0073957443237309,"orthographic":false}